{
  "project_info": {
    "project_number": "585172821833",
    "project_id": "covid-19-live-tracker-812ae",
    "storage_bucket": "covid-19-live-tracker-812ae.appspot.com"
  },
  "client": [
    {
      "client_info": {
        "mobilesdk_app_id": "1:585172821833:android:bd44bce66278717b7d9c98",
        "android_client_info": {
          "package_name": "com.hackathon.covid19livetracker"
        }
      },
      "oauth_client": [
        {
          "client_id": "585172821833-1a57sc47htjcmkhqv1adlbb3c482ftvg.apps.googleusercontent.com",
          "client_type": 3
        }
      ],
      "api_key": [
        {
          "current_key": "AIzaSyAwEMn6x_J8UXQyNUoR4ZdxCxFTGoKqofw"
        }
      ],
      "services": {
        "appinvite_service": {
          "other_platform_oauth_client": [
            {
              "client_id": "585172821833-1a57sc47htjcmkhqv1adlbb3c482ftvg.apps.googleusercontent.com",
              "client_type": 3
            }
          ]
        }
      }
    }
  ],
  "configuration_version": "1"
}